{
  "totalEVs": 50001,
  "averageRange": 59.193056138877225,
  "averageMSRP": 1072.987840243195,
  "evTypes": {
    "Battery Electric Vehicle (BEV)": 39461,
    "Plug-in Hybrid Electric Vehicle (PHEV)": 10539,
    "undefined": 1
  }
}